{"meta": {"format": 3, "version": "7.6.10", "timestamp": "2025-01-28T14:29:27.689340", "branch_coverage": false, "show_contexts": false}, "files": {"battleship.py": {"executed_lines": [1, 7, 10, 14, 15, 17, 18, 19, 20, 22, 27, 28, 29, 30, 31, 32, 33, 34, 35, 36, 37, 38, 39, 40, 41, 42, 45, 50, 58, 63, 69, 74, 89, 94, 95, 96, 97, 98, 99, 100, 101, 104, 109, 110, 111, 112, 113, 115, 116, 117, 118, 119, 120, 121, 122, 123, 126, 131, 133, 134, 135, 136, 137, 140, 145, 146, 147, 148, 149, 150, 151, 152, 153, 154, 157, 162, 185, 190, 191, 193, 194, 195, 196, 199, 200, 201, 202, 211, 216, 219, 220, 221, 225, 226, 227, 228, 239, 244, 245, 246, 247, 250, 251, 252, 253, 254, 255, 257, 258, 267, 272, 283, 288, 289, 291, 292, 293, 294, 295, 297, 300, 305, 320, 325, 340, 345, 346, 347, 348, 349, 350, 351, 352, 355, 360, 373, 378, 379, 380, 381, 382, 383, 385, 388, 393, 394, 395, 396, 397, 398, 401, 406, 424, 426, 433, 437, 441, 477], "summary": {"covered_lines": 157, "num_statements": 292, "percent_covered": 53.76712328767123, "percent_covered_display": "54", "missing_lines": 135, "excluded_lines": 0}, "missing_lines": [51, 52, 53, 54, 55, 64, 65, 66, 75, 76, 77, 78, 79, 81, 82, 83, 84, 85, 163, 164, 165, 166, 167, 169, 170, 171, 172, 173, 174, 175, 176, 177, 178, 180, 222, 259, 273, 274, 275, 276, 277, 278, 279, 280, 290, 296, 306, 307, 308, 309, 310, 311, 313, 314, 316, 317, 326, 327, 328, 329, 330, 331, 332, 333, 361, 362, 364, 365, 366, 367, 369, 370, 407, 408, 409, 410, 411, 412, 413, 414, 415, 416, 417, 418, 427, 428, 429, 430, 431, 434, 435, 438, 439, 442, 443, 444, 446, 447, 450, 451, 452, 453, 455, 456, 457, 458, 459, 460, 462, 464, 465, 466, 467, 469, 471, 479, 480, 481, 482, 483, 484, 485, 490, 491, 492, 493, 495, 496, 501, 502, 503, 504, 505, 506, 510], "excluded_lines": [], "functions": {"makeModel": {"executed_lines": [28, 29, 30, 31, 32, 33, 34, 35, 36, 37, 38, 39, 40, 41, 42], "summary": {"covered_lines": 15, "num_statements": 15, "percent_covered": 100.0, "percent_covered_display": "100", "missing_lines": 0, "excluded_lines": 0}, "missing_lines": [], "excluded_lines": []}, "makeView": {"executed_lines": [], "summary": {"covered_lines": 0, "num_statements": 5, "percent_covered": 0.0, "percent_covered_display": "0", "missing_lines": 5, "excluded_lines": 0}, "missing_lines": [51, 52, 53, 54, 55], "excluded_lines": []}, "keyPressed": {"executed_lines": [], "summary": {"covered_lines": 0, "num_statements": 3, "percent_covered": 0.0, "percent_covered_display": "0", "missing_lines": 3, "excluded_lines": 0}, "missing_lines": [64, 65, 66], "excluded_lines": []}, "mousePressed": {"executed_lines": [], "summary": {"covered_lines": 0, "num_statements": 10, "percent_covered": 0.0, "percent_covered_display": "0", "missing_lines": 10, "excluded_lines": 0}, "missing_lines": [75, 76, 77, 78, 79, 81, 82, 83, 84, 85], "excluded_lines": []}, "emptyGrid": {"executed_lines": [95, 96, 97, 98, 99, 100, 101], "summary": {"covered_lines": 7, "num_statements": 7, "percent_covered": 100.0, "percent_covered_display": "100", "missing_lines": 0, "excluded_lines": 0}, "missing_lines": [], "excluded_lines": []}, "createShip": {"executed_lines": [110, 111, 112, 113, 115, 116, 117, 118, 119, 120, 121, 122, 123], "summary": {"covered_lines": 13, "num_statements": 13, "percent_covered": 100.0, "percent_covered_display": "100", "missing_lines": 0, "excluded_lines": 0}, "missing_lines": [], "excluded_lines": []}, "checkShip": {"executed_lines": [133, 134, 135, 136, 137], "summary": {"covered_lines": 5, "num_statements": 5, "percent_covered": 100.0, "percent_covered_display": "100", "missing_lines": 0, "excluded_lines": 0}, "missing_lines": [], "excluded_lines": []}, "addShips": {"executed_lines": [146, 147, 148, 149, 150, 151, 152, 153, 154], "summary": {"covered_lines": 9, "num_statements": 9, "percent_covered": 100.0, "percent_covered_display": "100", "missing_lines": 0, "excluded_lines": 0}, "missing_lines": [], "excluded_lines": []}, "drawGrid": {"executed_lines": [], "summary": {"covered_lines": 0, "num_statements": 16, "percent_covered": 0.0, "percent_covered_display": "0", "missing_lines": 16, "excluded_lines": 0}, "missing_lines": [163, 164, 165, 166, 167, 169, 170, 171, 172, 173, 174, 175, 176, 177, 178, 180], "excluded_lines": []}, "isVertical": {"executed_lines": [191, 193, 194, 195, 196, 199, 200, 201, 202], "summary": {"covered_lines": 9, "num_statements": 9, "percent_covered": 100.0, "percent_covered_display": "100", "missing_lines": 0, "excluded_lines": 0}, "missing_lines": [], "excluded_lines": []}, "isHorizontal": {"executed_lines": [219, 220, 221, 225, 226, 227, 228], "summary": {"covered_lines": 7, "num_statements": 8, "percent_covered": 87.5, "percent_covered_display": "88", "missing_lines": 1, "excluded_lines": 0}, "missing_lines": [222], "excluded_lines": []}, "getClickedCell": {"executed_lines": [245, 246, 247, 250, 251, 252, 253, 254, 255, 257, 258], "summary": {"covered_lines": 11, "num_statements": 12, "percent_covered": 91.66666666666667, "percent_covered_display": "92", "missing_lines": 1, "excluded_lines": 0}, "missing_lines": [259], "excluded_lines": []}, "drawShip": {"executed_lines": [], "summary": {"covered_lines": 0, "num_statements": 8, "percent_covered": 0.0, "percent_covered_display": "0", "missing_lines": 8, "excluded_lines": 0}, "missing_lines": [273, 274, 275, 276, 277, 278, 279, 280], "excluded_lines": []}, "shipIsValid": {"executed_lines": [289, 291, 292, 293, 294, 295, 297], "summary": {"covered_lines": 7, "num_statements": 9, "percent_covered": 77.77777777777777, "percent_covered_display": "78", "missing_lines": 2, "excluded_lines": 0}, "missing_lines": [290, 296], "excluded_lines": []}, "placeShip": {"executed_lines": [], "summary": {"covered_lines": 0, "num_statements": 10, "percent_covered": 0.0, "percent_covered_display": "0", "missing_lines": 10, "excluded_lines": 0}, "missing_lines": [306, 307, 308, 309, 310, 311, 313, 314, 316, 317], "excluded_lines": []}, "clickUserBoard": {"executed_lines": [], "summary": {"covered_lines": 0, "num_statements": 8, "percent_covered": 0.0, "percent_covered_display": "0", "missing_lines": 8, "excluded_lines": 0}, "missing_lines": [326, 327, 328, 329, 330, 331, 332, 333], "excluded_lines": []}, "updateBoard": {"executed_lines": [346, 347, 348, 349, 350, 351, 352], "summary": {"covered_lines": 7, "num_statements": 7, "percent_covered": 100.0, "percent_covered_display": "100", "missing_lines": 0, "excluded_lines": 0}, "missing_lines": [], "excluded_lines": []}, "runGameTurn": {"executed_lines": [], "summary": {"covered_lines": 0, "num_statements": 8, "percent_covered": 0.0, "percent_covered_display": "0", "missing_lines": 8, "excluded_lines": 0}, "missing_lines": [361, 362, 364, 365, 366, 367, 369, 370], "excluded_lines": []}, "getComputerGuess": {"executed_lines": [379, 380, 381, 382, 383, 385], "summary": {"covered_lines": 6, "num_statements": 6, "percent_covered": 100.0, "percent_covered_display": "100", "missing_lines": 0, "excluded_lines": 0}, "missing_lines": [], "excluded_lines": []}, "isGameOver": {"executed_lines": [394, 395, 396, 397, 398], "summary": {"covered_lines": 5, "num_statements": 5, "percent_covered": 100.0, "percent_covered_display": "100", "missing_lines": 0, "excluded_lines": 0}, "missing_lines": [], "excluded_lines": []}, "drawGameOver": {"executed_lines": [], "summary": {"covered_lines": 0, "num_statements": 12, "percent_covered": 0.0, "percent_covered_display": "0", "missing_lines": 12, "excluded_lines": 0}, "missing_lines": [407, 408, 409, 410, 411, 412, 413, 414, 415, 416, 417, 418], "excluded_lines": []}, "updateView": {"executed_lines": [], "summary": {"covered_lines": 0, "num_statements": 5, "percent_covered": 0.0, "percent_covered_display": "0", "missing_lines": 5, "excluded_lines": 0}, "missing_lines": [427, 428, 429, 430, 431], "excluded_lines": []}, "keyEventHandler": {"executed_lines": [], "summary": {"covered_lines": 0, "num_statements": 2, "percent_covered": 0.0,